ISO,2010,2011,2012,2013,2014,2015,2016,2017,2018,2019,2020,Country,Continent,UNregion,IncomeLevel,Region
AFG,77.67455295882839,77.67455295882839,77.67455295882839,77.67471662497378,77.67471662497378,77.67471662497378,77.1229904694808,73.78556915231188,64.66529795628705,64.66529795628705,64.66529795628705,Afghanistan,Asia,Southern Asia,Low income,South Asia
ALA,,,,,,,,,,,,Aland Islands,Europe,Northern Europe,,
ALB,84.87045661642844,84.87045661642844,84.87045661642844,84.8706356426349,84.8706356426349,84.8706356426349,84.83982702416324,84.80901840569159,84.3992229250063,84.3992229250063,84.3992229250063,Albania,Europe,Southern Europe,Upper middle income,Europe & Central Asia
DZA,80.27808367531541,80.27808367531541,80.27808367531541,80.27825289884355,80.27825289884355,80.27825289884355,80.86129446815255,82.7485700741317,85.53293938473436,85.53293938473436,85.53293938473436,Algeria,Africa,Northern Africa,Lower middle income,Middle East & North Africa
ASM,,,,,,,,,,,,American Samoa,Oceania,Polynesia,Upper middle income,East Asia & Pacific
AND,,,,,,,,,,,,Andorra,Europe,Southern Europe,High income,Europe & Central Asia
AGO,68.15815183425467,68.15815183425467,68.15815183425467,68.15829518710667,68.15829518710667,68.15829518710667,68.15829518710667,68.15829518710667,67.29932592019505,67.29932592019505,67.29932592019505,Angola,Africa,Middle Africa,Lower middle income,Sub-Saharan Africa 
AIA,,,,,,,,,,,,Anguilla,America,Caribbean,,
ATA,,,,,,,,,,,,Antarctica,Antarctica,Antarctica,,
ATG,,,,,,,,,,,,Antigua and Barbuda,America,Caribbean,High income,Latin America & Caribbean 
ARG,91.29825683838025,91.29825683838025,91.29825683838025,91.29844958508777,91.29844958508777,91.29844958508777,86.92639422623198,83.03644495795064,79.98153202359434,79.98153202359434,79.98153202359434,Argentina,America,South America,Upper middle income,Latin America & Caribbean 
ARM,94.37528467799089,94.37528467799089,94.37528467799089,94.37548399278738,94.37548399278738,94.37548399278738,94.08537013252173,93.30552555918727,93.62787563646773,93.62787563646773,93.62787563646773,Armenia,Asia,Western Asia,Upper middle income,Europe & Central Asia
ABW,,,,,,,,,,,,Aruba,America,Caribbean,High income,Latin America & Caribbean 
AUS,95.73583817069425,95.73583817069425,95.73583817069425,95.7360403896687,95.7360403896687,95.7360403896687,94.87215855848495,94.478098703857,93.88635341891164,93.88635341891164,93.88635341891164,Australia,Oceania,Australia and New Zealand,High income,East Asia & Pacific
AUT,98.26280513306364,98.26280513306364,98.26280513306364,98.26301274599118,98.26301274599118,98.26301274599118,98.26301274599118,98.28686994772444,98.31035206689282,98.31035206689282,98.31035206689282,Austria,Europe,Western Europe,High income,Europe & Central Asia
AZE,99.8856662591687,99.8856662591687,99.8856662591687,99.88587733618458,99.88587733618458,99.88587733618458,99.80373110573964,99.76388337627517,99.69990513439292,99.69990513439292,99.69990513439292,Azerbaijan,Asia,Western Asia,Upper middle income,Europe & Central Asia
BHS,,,,,,,,,,,,Bahamas,America,Caribbean,High income,Latin America & Caribbean 
BHR,,,,,,,,,,,,Bahrain,Asia,Western Asia,High income,Middle East & North Africa
BGD,79.94420458948719,79.94420458948719,79.94420458948719,79.94437310033163,79.94437310033163,79.94437310033163,81.19428170172962,82.43059003403556,83.4825488780174,83.4825488780174,83.4825488780174,Bangladesh,Asia,Southern Asia,Lower middle income,South Asia
BRB,,,,,,,,,,,,Barbados,America,Caribbean,High income,Latin America & Caribbean 
BLR,,,,,,,,,,,,Belarus,Europe,Eastern Europe,Upper middle income,Europe & Central Asia
BEL,95.25530644064222,95.25530644064222,95.25530644064222,95.25550763389465,95.25550763389465,95.25550763389465,95.01245766366844,94.62549294386162,94.37060502683336,94.37060502683336,94.37060502683336,Belgium,Europe,Western Europe,High income,Europe & Central Asia
BLZ,,,,,,,,,,,,Belize,America,Central America,Upper middle income,Latin America & Caribbean 
BEN,,,,,,,,,,,,Benin,Africa,Western Africa,Lower middle income,Sub-Saharan Africa 
BMU,,,,,,,,,,,,Bermuda,America,Northern America,High income,North America
BTN,,,,,,,,,,,,Bhutan,Asia,Southern Asia,Lower middle income,South Asia
BOL,,,,,,,,,,,,Bolivia,America,South America,Lower middle income,Latin America & Caribbean 
BES,,,,,,,,,,,,"Bonaire, Saint Eustatius and Saba",America,Caribbean,,
BIH,97.67183763832895,97.67183763832895,97.67183763832895,97.67204398980313,97.67204398980313,97.67204398980313,97.67204398980313,97.73344943167716,97.73536834083247,97.73536834083247,97.73536834083247,Bosnia and Herzegovina,Europe,Southern Europe,Upper middle income,Europe & Central Asia
BWA,47.155402465972834,47.155402465972834,47.155402465972834,47.15550098727513,47.15550098727513,47.15550098727513,39.682448121451806,37.404652664145644,36.0461195924108,36.0461195924108,36.0461195924108,Botswana,Africa,Southern Africa,Upper middle income,Sub-Saharan Africa 
BVT,,,,,,,,,,,,Bouvet Island,Antarctica,South America,,
BRA,97.07913040209584,97.07913040209584,97.07913040209584,97.07933548840309,97.07933548840309,97.07933548840309,97.32752905316914,97.3963775789067,97.46965063252341,97.46965063252341,97.46965063252341,Brazil,America,South America,Upper middle income,Latin America & Caribbean 
IOT,,,,,,,,,,,,British Indian Ocean Territory,Africa,Eastern Africa,,
VGB,,,,,,,,,,,,British Virgin Islands,America,Caribbean,High income,Latin America & Caribbean 
BRN,,,,,,,,,,,,Brunei Darussalam,Asia,South-Eastern Asia,High income,East Asia & Pacific
BGR,97.1409593021312,97.1409593021312,97.1409593021312,97.1411645204157,97.1411645204157,97.1411645204157,97.1411645204157,97.1411645204157,97.09346967764489,97.09346967764489,97.09346967764489,Bulgaria,Europe,Eastern Europe,Upper middle income,Europe & Central Asia
BFA,84.65261072445172,84.65261072445172,84.65261072445172,84.65278928565385,84.65278928565385,84.65278928565385,82.94673461788831,81.05100233735689,78.37649017551499,78.37649017551499,78.37649017551499,Burkina Faso,Africa,Western Africa,Low income,Sub-Saharan Africa 
BDI,,,,,,,,,,,,Burundi,Africa,Eastern Africa,Low income,Sub-Saharan Africa 
CPV,,,85.52461454802334,85.52479497056667,85.52479497056667,85.52479497056667,85.52479497056667,85.52479497056667,85.13430844514518,85.13430844514518,85.13430844514518,Cabo Verde,Africa,Western Africa,Lower middle income,Sub-Saharan Africa 
KHM,74.40291612238516,74.40291612238516,74.40291612238516,74.40307280503775,74.40307280503775,74.40307280503775,78.41537911049011,78.77394816279323,78.88995006804299,78.88995006804299,78.88995006804299,Cambodia,Asia,South-Eastern Asia,Lower middle income,East Asia & Pacific
CMR,,,,,,,,,,,,Cameroon,Africa,Middle Africa,Lower middle income,Sub-Saharan Africa 
CAN,99.12545973710458,99.12545973710458,99.12545973710458,99.12566919141689,99.12566919141689,99.12566919141689,99.12566919141689,99.12566919141689,99.10208301558193,99.10208301558193,99.10208301558193,Canada,America,Northern America,High income,North America
CYM,,,,,,,,,,,,Cayman Islands,America,Caribbean,High income,Latin America & Caribbean 
CAF,,,,,,,,,,,,Central African Republic,Africa,Middle Africa,Low income,Sub-Saharan Africa 
TCD,,,,,,,,,,,,Chad,Africa,Middle Africa,Low income,Sub-Saharan Africa 
CHL,95.95944790189623,95.95944790189623,95.95944790189623,95.9596505981782,95.9596505981782,95.9596505981782,95.44049549869774,94.88026728399481,94.12210156285606,94.12210156285606,94.12210156285606,Chile,America,South America,High income,Latin America & Caribbean 
CHN,,,,,,,,,,,,China,Asia,Eastern Asia,Upper middle income,East Asia & Pacific
CXR,,,,,,,,,,,,Christmas Island,Asia,Australia and New Zealand,,
CCK,,,,,,,,,,,,Cocos (Keeling) Islands,Asia,Australia and New Zealand,,
COL,,,,,,,,,,,,Colombia,America,South America,Upper middle income,Latin America & Caribbean 
COM,,,,,,,,,,,,Comoros,Africa,Eastern Africa,Lower middle income,Sub-Saharan Africa 
COG,,,,,,,,,,,,Congo Republic,Africa,Middle Africa,Lower middle income,Sub-Saharan Africa 
COK,,,,,,,,,,,,Cook Islands,Oceania,Polynesia,,
CRI,92.85267804675595,92.85267804675595,92.85267804675595,92.85287411146297,92.85287411146297,92.85287411146297,92.85287411146297,92.32842413525033,91.65689126944366,91.65689126944366,91.65689126944366,Costa Rica,America,Central America,Upper middle income,Latin America & Caribbean 
CIV,,,,,,,,,,,,Cote d'Ivoire,Africa,Western Africa,Lower middle income,Sub-Saharan Africa 
HRV,99.16524686876423,99.16524686876423,99.16524686876423,99.1654564080044,99.1654564080044,99.1654564080044,99.03535372258517,98.86071355973868,98.58801720651158,98.58801720651158,98.58801720651158,Croatia,Europe,Southern Europe,High income,Europe & Central Asia
CUB,,,,,,,,,,,,Cuba,America,Caribbean,Upper middle income,Latin America & Caribbean 
CUW,,,,,,,,,,,,Curacao,America,Caribbean,High income,Latin America & Caribbean 
CYP,,,,,,,,,,,,Cyprus,Asia,Western Asia,High income,Europe & Central Asia
CZE,99.00552347102185,99.00552347102185,99.00552347102185,99.00573266932344,99.00573266932344,99.00573266932344,99.3016708939945,99.482755678235,99.38538783994116,99.38538783994116,99.38538783994116,Czech Republic,Europe,Eastern Europe,High income,Europe & Central Asia
DNK,98.55394709077838,98.55394709077838,98.55394709077838,98.5541553251648,98.5541553251648,98.5541553251648,98.4447177872203,98.31051535438844,98.2903723573164,98.2903723573164,98.2903723573164,Denmark,Europe,Northern Europe,High income,Europe & Central Asia
DJI,,,,,,,,,,,,Djibouti,Africa,Eastern Africa,Lower middle income,Middle East & North Africa
DMA,,,,,,,,,,,,Dominica,America,Caribbean,Upper middle income,Latin America & Caribbean 
DOM,,,,,,,,,,,,Dominican Republic,America,Caribbean,Upper middle income,Latin America & Caribbean 
COD,,,,,,,,,,,,DR Congo,Africa,Middle Africa,Low income,Sub-Saharan Africa 
ECU,89.25784262446615,89.25784262446615,89.25784262446615,89.25803101579477,89.25803101579477,89.25803101579477,89.25803101579477,89.25803101579477,88.96825313511489,88.96825313511489,88.96825313511489,Ecuador,America,South America,Upper middle income,Latin America & Caribbean 
EGY,87.23006044664932,87.23006044664932,87.23006044664932,87.23024450956284,87.23024450956284,87.23024450956284,87.23024450956284,86.48204817086757,87.94594763757385,87.94594763757385,87.94594763757385,Egypt,Africa,Northern Africa,Lower middle income,Middle East & North Africa
SLV,79.10884123469108,79.10884123469108,79.10884123469108,79.10900796240547,79.10900796240547,79.10900796240547,79.10900796240547,78.79471920780261,77.37391580640477,77.37391580640477,77.37391580640477,El Salvador,America,Central America,Lower middle income,Latin America & Caribbean 
GNQ,,,,,,,,,,,,Equatorial Guinea,Africa,Middle Africa,Upper middle income,Sub-Saharan Africa 
ERI,,,,,,,,,,,,Eritrea,Africa,Eastern Africa,Low income,Sub-Saharan Africa 
EST,98.65321825349723,98.65321825349723,98.65321825349723,98.65342669978354,98.65342669978354,98.65342669978354,98.65342669978354,98.61996307883616,98.54836851379073,98.54836851379073,98.54836851379073,Estonia,Europe,Northern Europe,High income,Europe & Central Asia
SWZ,55.55481390762275,55.55481390762275,55.55481390762275,55.55493035794115,55.55493035794115,55.55493035794115,55.55493035794115,55.55493035794115,53.3211886232517,53.3211886232517,53.3211886232517,Eswatini,Africa,Southern Africa,Lower middle income,Sub-Saharan Africa 
ETH,78.01825023798251,78.01825023798251,78.01825023798251,78.0184146377691,78.0184146377691,78.0184146377691,78.0184146377691,77.62862094096536,78.03113328268905,78.03113328268905,78.03113328268905,Ethiopia,Africa,Eastern Africa,Low income,Sub-Saharan Africa 
FRO,,,,,,,,,,,,Faeroe Islands,Europe,Northern Europe,High income,Europe & Central Asia
FLK,,,,,,,,,,,,Falkland Islands,America,South America,,
FJI,,,,,,,,,,,,Fiji,Oceania,Melanesia,Upper middle income,East Asia & Pacific
FIN,96.38777225880854,96.38777225880854,96.38777225880854,96.38797586937295,96.38797586937295,96.38797586937295,96.58093630571277,96.85596733140135,96.94837597023108,96.94837597023108,96.94837597023108,Finland,Europe,Northern Europe,High income,Europe & Central Asia
FRA,97.63427435014991,97.63427435014991,97.63427435014991,97.63448062144313,97.63448062144313,97.63448062144313,98.15968700861751,98.65835849925406,98.88901790117215,98.88901790117215,98.88901790117215,France,Europe,Western Europe,High income,Europe & Central Asia
GUF,,,,,,,,,,,,French Guiana,America,South America,,
PYF,,,,,,,,,,,,French Polynesia,Oceania,Polynesia,High income,East Asia & Pacific
ATF,,,,,,,,,,,,French Southern Territories,Africa,Eastern Africa,,
GAB,,,,,,,,,,,,Gabon,Africa,Middle Africa,Upper middle income,Sub-Saharan Africa 
GMB,64.37120356597785,64.37120356597785,64.37120356597785,64.37133883537581,64.37133883537581,64.37133883537581,64.37133883537581,64.37133883537581,61.80922488408498,61.80922488408498,61.80922488408498,Gambia,Africa,Western Africa,Low income,Sub-Saharan Africa 
GEO,89.45364674806719,89.45364674806719,89.45364674806719,89.45383555735073,89.45383555735073,89.45383555735073,89.17153542231983,88.67922534787151,88.58950868717253,88.58950868717253,88.58950868717253,Georgia,Asia,Western Asia,Upper middle income,Europe & Central Asia
DEU,98.53116404124249,98.53116404124249,98.53116404124249,98.5313722269972,98.5313722269972,98.5313722269972,98.71940086386648,98.89579590014417,98.96506819539964,98.96506819539964,98.96506819539964,Germany,Europe,Western Europe,High income,Europe & Central Asia
GHA,88.53872425813876,88.53872425813876,88.53872425813876,88.53891111446879,88.53891111446879,88.53891111446879,88.11706072110653,87.68498365154154,86.89824025421831,86.89824025421831,86.89824025421831,Ghana,Africa,Western Africa,Lower middle income,Sub-Saharan Africa 
GIB,,,,,,,,,,,,Gibraltar,Europe,Southern Europe,High income,Europe & Central Asia
GRC,95.99030940325959,95.99030940325959,95.99030940325959,95.99051216541719,95.99051216541719,95.99051216541719,95.99051216541719,95.99051216541719,96.37527213908423,96.37527213908423,96.37527213908423,Greece,Europe,Southern Europe,High income,Europe & Central Asia
GRL,,,,,,,,,,,,Greenland,America,Northern America,High income,Europe & Central Asia
GRD,,,,,,,,,,,,Grenada,America,Caribbean,Upper middle income,Latin America & Caribbean 
GLP,,,,,,,,,,,,Guadeloupe,America,Caribbean,,
GUM,,,,,,,,,,,,Guam,Oceania,Micronesia,High income,East Asia & Pacific
GTM,75.69961353800284,75.69961353800284,75.69961353800284,75.69977298852898,75.69977298852898,75.69977298852898,74.25685856613346,74.07669660326629,71.85006987978153,71.85006987978153,71.85006987978153,Guatemala,America,Central America,Upper middle income,Latin America & Caribbean 
GGY,,,,,,,,,,,,Guernsey,Europe,Northern Europe,,
GIN,33.02638688615657,33.02638688615657,33.02638688615657,33.02645524828052,33.02645524828052,33.02645524828052,28.71020789018188,24.801832450872563,22.773269150779278,22.773269150779278,22.773269150779278,Guinea,Africa,Western Africa,Low income,Sub-Saharan Africa 
GNB,,,,,,,,,,,,Guinea-Bissau,Africa,Western Africa,Low income,Sub-Saharan Africa 
GUY,,,,,,,,,,,,Guyana,America,South America,Upper middle income,Latin America & Caribbean 
HTI,,,,,,,,,,,,Haiti,America,Caribbean,Low income,Latin America & Caribbean 
HMD,,,,,,,,,,,,Heard and McDonald Islands,Asia,Australia and New Zealand,,
HND,64.8378173640425,64.8378173640425,64.8378173640425,64.83795362945384,64.83795362945384,64.83795362945384,64.83795362945384,64.83795362945384,62.82791041869346,62.82791041869346,62.82791041869346,Honduras,America,Central America,Lower middle income,Latin America & Caribbean 
HKG,,,,,,,,,,,,Hong Kong,Asia,Eastern Asia,High income,East Asia & Pacific
HUN,97.91305657913236,97.91305657913236,97.91305657913236,97.91326344550195,97.91326344550195,97.91326344550195,98.30479688751767,98.60188485685057,98.7311999463687,98.7311999463687,98.7311999463687,Hungary,Europe,Eastern Europe,High income,Europe & Central Asia
ISL,97.45954379096023,97.45954379096023,97.45954379096023,97.45974968928125,97.45974968928125,97.45974968928125,97.49253254036304,97.67384424789206,97.65259081935257,97.65259081935257,97.65259081935257,Iceland,Europe,Northern Europe,High income,Europe & Central Asia
IND,,,,,,,,,,,,India,Asia,Southern Asia,Lower middle income,South Asia
IDN,98.52099789961692,98.52099789961692,98.52099789961692,98.52120606367143,98.52120606367143,98.52120606367143,98.52120606367143,98.53592582098686,98.70655934031257,98.70655934031257,98.70655934031257,Indonesia,Asia,South-Eastern Asia,Upper middle income,East Asia & Pacific
IRN,85.58400780996088,85.58400780996088,85.58400780996088,85.58418835928248,85.58418835928248,85.58418835928248,85.91395328216255,86.78122383445489,87.12707473505115,87.12707473505115,87.12707473505115,Iran,Asia,Southern Asia,Upper middle income,Middle East & North Africa
IRQ,,,,,,,,,,,,Iraq,Asia,Western Asia,Upper middle income,Middle East & North Africa
IRL,94.78448700660749,94.78448700660749,94.78448700660749,94.78468719486936,94.78468719486936,94.78468719486936,94.78468719486936,94.78468719486936,94.58370121388634,94.58370121388634,94.58370121388634,Ireland,Europe,Northern Europe,High income,Europe & Central Asia
IMN,,,,,,,,,,,,Isle of Man,Europe,Northern Europe,High income,Europe & Central Asia
ISR,97.98782007900382,97.98782007900382,97.98782007900382,97.9880271049603,97.9880271049603,97.9880271049603,97.87992085030845,97.76801741262867,97.58886082815316,97.58886082815316,97.58886082815316,Israel,Asia,Western Asia,High income,Middle East & North Africa
ITA,98.16274730462375,98.16274730462375,98.16274730462375,98.16295470397223,98.16295470397223,98.16295470397223,98.22816489298381,98.2933750819954,98.33353225871865,98.33353225871865,98.33353225871865,Italy,Europe,Southern Europe,High income,Europe & Central Asia
JAM,,,,,,,,,,,,Jamaica,America,Caribbean,Upper middle income,Latin America & Caribbean 
JPN,99.44678242777029,99.44678242777029,99.44678242777029,99.44699256796395,99.44699256796395,99.44699256796395,99.4285815251552,99.17240026063317,98.90094979616025,98.90094979616025,98.90094979616025,Japan,Asia,Eastern Asia,High income,East Asia & Pacific
JEY,,,,,,,,,,,,Jersey,Europe,Northern Europe,,
JOR,,,,,,,,,,,,Jordan,Asia,Western Asia,Upper middle income,Middle East & North Africa
KAZ,,,,99.9067542787286,99.9067542787286,99.9067542787286,99.9067542787286,99.9067542787286,99.90423883606402,99.90423883606402,99.90423883606402,Kazakhstan,Asia,Central Asia,Upper middle income,Europe & Central Asia
KEN,71.05719655448293,71.05719655448293,71.05719655448293,71.05734609550893,71.05734609550893,71.05734609550893,71.05734609550893,71.05734609550893,70.2765823008699,70.2765823008699,70.2765823008699,Kenya,Africa,Eastern Africa,Lower middle income,Sub-Saharan Africa 
KIR,,,,,,,,,,,,Kiribati,Oceania,Micronesia,Lower middle income,East Asia & Pacific
XKX,,,,,,,,,,,,Kosovo,Europe,Southern Europe,Upper middle income,Europe & Central Asia
KWT,92.61601269022233,92.61601269022233,92.61601269022233,92.61620824975384,92.61620824975384,92.61620824975384,92.61216901521814,92.60812978068245,92.40872494426634,92.40872494426634,92.40872494426634,Kuwait,Asia,Western Asia,High income,Middle East & North Africa
KGZ,,,98.72090176187945,98.72111035264,98.72111035264,98.72111035264,98.72111035264,98.72111035264,98.68661070337934,98.68661070337934,98.68661070337934,Kyrgyz Republic,Asia,Central Asia,Lower middle income,Europe & Central Asia
LAO,,,,,,,,,,,,Laos,Asia,South-Eastern Asia,Lower middle income,East Asia & Pacific
LVA,99.09290387880363,99.09290387880363,99.09290387880363,99.09311326362362,99.09311326362362,99.09311326362362,99.09311326362362,99.08930851648606,99.06083408173639,99.06083408173639,99.06083408173639,Latvia,Europe,Northern Europe,High income,Europe & Central Asia
LBN,,,,,,,,,,,,Lebanon,Asia,Western Asia,Upper middle income,Middle East & North Africa
LSO,,,,59.15287473855247,59.15287473855247,59.15287473855247,59.15287473855247,59.15287473855247,58.05097315294597,58.05097315294597,58.05097315294597,Lesotho,Africa,Southern Africa,Lower middle income,Sub-Saharan Africa 
LBR,4.541871639802967,4.541871639802967,4.541871639802967,4.541879200127173,4.541879200127173,4.541879200127173,5.516771904055836,6.084881920980105,6.163077002771022,6.163077002771022,6.163077002771022,Liberia,Africa,Western Africa,Low income,Sub-Saharan Africa 
LBY,83.08284953451596,83.08284953451596,83.08284953451596,83.08302474497457,83.08302474497457,83.08302474497457,81.2067473543791,78.33417082963773,73.90600685330936,73.90600685330936,73.90600685330936,Libya,Africa,Northern Africa,Upper middle income,Middle East & North Africa
LIE,,,,,,,,,,,,Liechtenstein,Europe,Western Europe,High income,Europe & Central Asia
LTU,96.23647526119329,96.23647526119329,96.23647526119329,96.23667854880577,96.23667854880577,96.23667854880577,97.0318631364443,97.62289240550929,98.3122630344495,98.3122630344495,98.3122630344495,Lithuania,Europe,Northern Europe,High income,Europe & Central Asia
LUX,97.30848884433608,97.30848884433608,97.30848884433608,97.30869442022183,97.30869442022183,97.30869442022183,97.92513909760125,98.60621152755174,98.57133119711416,98.57133119711416,98.57133119711416,Luxembourg,Europe,Western Europe,High income,Europe & Central Asia
MAC,,,,,,,,,,,,Macao,Asia,Eastern Asia,High income,East Asia & Pacific
MKD,94.58420493967137,94.58420493967137,94.58420493967137,94.58440470041991,94.58440470041991,94.58440470041991,94.88723382895243,95.3370487355702,95.0603089515813,95.0603089515813,95.0603089515813,Macedonia,Europe,Southern Europe,Upper middle income,Europe & Central Asia
MDG,,,,,,,,,,,,Madagascar,Africa,Eastern Africa,Low income,Sub-Saharan Africa 
MWI,21.77490374473588,21.77490374473588,21.77490374473588,21.774948089936288,21.774948089936288,21.774948089936288,21.732740358271204,21.690502370167653,19.53461415919989,19.53461415919989,19.53461415919989,Malawi,Africa,Eastern Africa,Low income,Sub-Saharan Africa 
MYS,88.18890006327277,88.18890006327277,88.18890006327277,88.18908617288339,88.18908617288339,88.18908617288339,89.82046795050599,89.82046795050599,89.54586249952548,89.54586249952548,89.54586249952548,Malaysia,Asia,South-Eastern Asia,Upper middle income,East Asia & Pacific
MDV,,,,,,,,,,,,Maldives,Asia,Southern Asia,Upper middle income,South Asia
MLI,,,,,,,,,,,,Mali,Africa,Western Africa,Low income,Sub-Saharan Africa 
MLT,97.72111014320174,97.72111014320174,97.72111014320174,97.72131659985087,97.72131659985087,97.72131659985087,97.92539627732826,98.43686624143743,98.77496576431331,98.77496576431331,98.77496576431331,Malta,Europe,Southern Europe,High income,Middle East & North Africa
MHL,,,,,,,,,,,,Marshall Islands,Oceania,Micronesia,Upper middle income,East Asia & Pacific
MTQ,,,,,,,,,,,,Martinique,America,Caribbean,,
MRT,78.48441019043887,78.48441019043887,78.48441019043887,78.48457558527008,78.48457558527008,78.48457558527008,71.70982619110565,66.56648883100229,65.13124777736505,65.13124777736505,65.13124777736505,Mauritania,Africa,Western Africa,Lower middle income,Sub-Saharan Africa 
MUS,92.13428583340183,92.13428583340183,92.13428583340183,92.13448036466025,92.13448036466025,92.13448036466025,91.0729029645162,90.54374811212153,89.64893045701379,89.64893045701379,89.64893045701379,Mauritius,Africa,Eastern Africa,High income,Sub-Saharan Africa 
MYT,,,,,,,,,,,,Mayotte,Africa,Eastern Africa,,
MEX,87.92094961614139,87.92094961614139,87.92094961614139,87.9211351537967,87.9211351537967,87.9211351537967,87.05256357465016,84.82910868083539,82.06203192157032,82.06203192157032,82.06203192157032,Mexico,America,Central America,Upper middle income,Latin America & Caribbean 
FSM,,,,,,,,,,,,"Micronesia, Fed. Sts.",Oceania,Micronesia,Lower middle income,East Asia & Pacific
MDA,97.52187192116469,97.52187192116469,97.52187192116469,97.5220779525286,97.5220779525286,97.5220779525286,96.71575899553326,95.64711671700657,93.80049970575512,93.80049970575512,93.80049970575512,Moldova,Europe,Eastern Europe,Lower middle income,Europe & Central Asia
MCO,,,,,,,,,,,,Monaco,Europe,Western Europe,High income,Europe & Central Asia
MNG,94.79613571055347,94.79613571055347,94.79613571055347,94.79633592368016,94.79633592368016,94.79633592368016,92.2104996663151,91.1383778973644,90.884829303899,90.884829303899,90.884829303899,Mongolia,Asia,Eastern Asia,Lower middle income,East Asia & Pacific
MNE,96.75478207404157,96.75478207404157,96.75478207404157,96.75498646800908,96.75498646800908,96.75498646800908,96.71394360922508,96.6570841972311,96.50851163311793,96.50851163311793,96.50851163311793,Montenegro,Europe,Southern Europe,Upper middle income,Europe & Central Asia
MSR,,,,,,,,,,,,Montserrat,America,Caribbean,,
MAR,,,,,,,,,,,,Morocco,Africa,Northern Africa,Lower middle income,Middle East & North Africa
MOZ,38.47855520397837,38.47855520397837,38.47855520397837,38.478635204062215,38.478635204062215,38.478635204062215,38.478635204062215,38.478635204062215,36.819020519321825,36.819020519321825,36.819020519321825,Mozambique,Africa,Eastern Africa,Low income,Sub-Saharan Africa 
MMR,,,,,,,,,,,,Myanmar,Asia,Eastern Asia,Lower middle income,East Asia & Pacific
NAM,53.7773578391489,53.7773578391489,53.7773578391489,53.77747049538736,53.77747049538736,53.77747049538736,53.41195759045548,53.04358545208821,51.39665785780888,51.39665785780888,51.39665785780888,Namibia,Africa,Southern Africa,Upper middle income,Sub-Saharan Africa 
NRU,,,,,,,,,,,,Nauru,Oceania,Polynesia,High income,East Asia & Pacific
NPL,84.21200227974181,84.21200227974181,84.21200227974181,84.21217990044045,84.21217990044045,84.21217990044045,84.29048356319976,84.36878722595904,83.94711596647308,83.94711596647308,83.94711596647308,Nepal,Asia,Southern Asia,Lower middle income,South Asia
NLD,97.66990123040027,97.66990123040027,97.66990123040027,97.67010757774108,97.67010757774108,97.67010757774108,97.67010757774108,97.55784106279967,97.37666574775292,97.37666574775292,97.37666574775292,Netherlands,Europe,Western Europe,High income,Europe & Central Asia
NCL,,,,,,,,,,,,New Caledonia,Oceania,Melanesia,High income,East Asia & Pacific
NZL,95.77874170886413,95.77874170886413,95.77874170886413,95.77894401941857,95.77894401941857,95.77894401941857,95.06642002167897,93.68592463184619,93.06541418561623,93.06541418561623,93.06541418561623,New Zealand,Oceania,Australia and New Zealand,High income,East Asia & Pacific
NIC,,,,,,,,,,,,Nicaragua,America,Central America,Lower middle income,Latin America & Caribbean 
NER,,,,,,,,,,,,Niger,Africa,Western Africa,Low income,Sub-Saharan Africa 
NGA,90.11473338928188,90.11473338928188,90.11473338928188,90.11492360969204,90.11492360969204,90.11492360969204,88.93856841021362,87.6694015857297,85.88381167172798,85.88381167172798,85.88381167172798,Nigeria,Africa,Western Africa,Lower middle income,Sub-Saharan Africa 
NIU,,,,,,,,,,,,Niue,Oceania,Polynesia,,
NFK,,,,,,,,,,,,Norfolk Island,Oceania,Australia and New Zealand,,
PRK,,,,,,,,,,,,North Korea,Asia,Eastern Asia,Low income,East Asia & Pacific
MNP,,,,,,,,,,,,Northern Mariana Islands,Oceania,Micronesia,High income,East Asia & Pacific
NOR,98.27881075484916,98.27881075484916,98.27881075484916,98.27901840194158,98.27901840194158,98.27901840194158,98.27901840194158,98.27354198657858,98.2213444804517,98.2213444804517,98.2213444804517,Norway,Europe,Northern Europe,High income,Europe & Central Asia
OMN,,,,,,,,,,,,Oman,Asia,Western Asia,High income,Middle East & North Africa
PAK,,,,,,,,,,,,Pakistan,Asia,Southern Asia,Lower middle income,South Asia
PLW,,,,,,,,,,,,Palau,Oceania,Micronesia,High income,East Asia & Pacific
PSE,,,93.30519237458986,93.30538940521416,93.30538940521416,93.30538940521416,93.30538940521416,93.30538940521416,93.12479400676793,93.12479400676793,93.12479400676793,Palestine,Asia,Western Asia,Lower middle income,Middle East & North Africa
PAN,,,,,,,,,,,,Panama,America,Central America,High income,Latin America & Caribbean 
PNG,,,,,,,,,,,,Papua New Guinea,Oceania,Melanesia,Lower middle income,East Asia & Pacific
PRY,,,,,,,,,,,,Paraguay,America,South America,Upper middle income,Latin America & Caribbean 
PER,86.38633120447383,86.38633120447383,86.38633120447383,86.38651346639985,86.38651346639985,86.38651346639985,86.38651346639985,86.38651346639985,86.01927285975036,86.01927285975036,86.01927285975036,Peru,America,South America,Upper middle income,Latin America & Caribbean 
PHL,81.56298110511769,81.56298110511769,81.56298110511769,81.56315307133164,81.56315307133164,81.56315307133164,78.83396180849766,75.51135101795961,72.61434814820507,72.61434814820507,72.61434814820507,Philippines,Asia,South-Eastern Asia,Lower middle income,East Asia & Pacific
PCN,,,,,,,,,,,,Pitcairn,Oceania,Polynesia,,
POL,97.26233274597351,97.26233274597351,97.26233274597351,97.26253822333646,97.26253822333646,97.26253822333646,98.21554039403239,98.87797485788558,99.22730576767052,99.22730576767052,99.22730576767052,Poland,Europe,Eastern Europe,High income,Europe & Central Asia
PRT,93.8419555755084,93.8419555755084,93.8419555755084,93.84215375188393,93.84215375188393,93.84215375188393,94.63104500032078,95.09631338288692,95.54294478205672,95.54294478205672,95.54294478205672,Portugal,Europe,Southern Europe,High income,Europe & Central Asia
PRI,,,,,,,,,,,,Puerto Rico,America,Caribbean,High income,Latin America & Caribbean 
QAT,,,,,,,,,,,,Qatar,Asia,Western Asia,High income,Middle East & North Africa
REU,,,,,,,,,,,,Reunion,Africa,Eastern Africa,,
ROU,91.50366736068997,91.50366736068997,91.50366736068997,91.50386054585782,91.50386054585782,91.50386054585782,92.74466195927648,93.8891873854849,94.68933266443848,94.68933266443848,94.68933266443848,Romania,Europe,Eastern Europe,High income,Europe & Central Asia
RUS,98.94941302565087,98.94941302565087,98.94941302565087,98.94962210418157,98.94962210418157,98.94962210418157,98.94962210418157,98.91882104981953,98.82365659620481,98.82365659620481,98.82365659620481,Russia,Europe,Eastern Europe,Upper middle income,Europe & Central Asia
RWA,,,,,,,,,,,,Rwanda,Africa,Eastern Africa,Low income,Sub-Saharan Africa 
MAF,,,,,,,,,,,,Saint-Martin,America,Caribbean,High income,Latin America & Caribbean 
WSM,,,,94.85547213266898,94.85547213266898,94.85547213266898,94.85547213266898,94.85547213266898,94.71669212677445,94.71669212677445,94.71669212677445,Samoa,Oceania,Polynesia,Upper middle income,East Asia & Pacific
SMR,,,,,,,,,,,,San Marino,Europe,Southern Europe,High income,Europe & Central Asia
STP,,,,,,,,,,,,Sao Tome and Principe,Africa,Middle Africa,Lower middle income,Sub-Saharan Africa 
SAU,,,,,,,,,,,,Saudi Arabia,Asia,Western Asia,High income,Middle East & North Africa
SEN,78.02699433003548,78.02699433003548,78.02699433003548,78.02715874848681,78.02715874848681,78.02715874848681,77.43684806983548,76.84653739118416,74.1011275162722,74.1011275162722,74.1011275162722,Senegal,Africa,Western Africa,Lower middle income,Sub-Saharan Africa 
SRB,97.39214771812992,97.39214771812992,97.39214771812992,97.39235347259023,97.39235347259023,97.39235347259023,97.24776551725368,97.10317756191712,96.88697642727152,96.88697642727152,96.88697642727152,Serbia,Europe,Southern Europe,Upper middle income,Europe & Central Asia
SYC,95.15677655908358,95.15677655908358,95.15677655908358,95.15697754201844,95.15697754201844,95.15697754201844,95.15697754201844,95.15697754201844,95.02633101624413,95.02633101624413,95.02633101624413,Seychelles,Africa,Eastern Africa,High income,Sub-Saharan Africa 
SLE,53.940969180935596,53.940969180935596,53.940969180935596,53.94108218641167,53.94108218641167,53.94108218641167,53.26802771265564,52.588377335313226,50.601291409865574,50.601291409865574,50.601291409865574,Sierra Leone,Africa,Western Africa,Low income,Sub-Saharan Africa 
SGP,98.44876080696488,98.44876080696488,98.44876080696488,98.44896881682527,98.44896881682527,98.44896881682527,98.1894593440716,97.83427901287708,97.82244942339531,97.82244942339531,97.82244942339531,Singapore,Asia,South-Eastern Asia,High income,East Asia & Pacific
SXM,,,,,,,,,,,,Sint Maarten,America,Caribbean,High income,Latin America & Caribbean 
SVK,98.4049949621393,98.4049949621393,98.4049949621393,98.40520287857902,98.40520287857902,98.40520287857902,98.6477687457897,98.69086904238965,98.8256452453695,98.8256452453695,98.8256452453695,Slovakia,Europe,Eastern Europe,High income,Europe & Central Asia
SVN,98.59992165089764,98.59992165089764,98.59992165089764,98.60012998341935,98.60012998341935,98.60012998341935,98.79395272825555,99.04653347659968,99.26586691787942,99.26586691787942,99.26586691787942,Slovenia,Europe,Southern Europe,High income,Europe & Central Asia
SLB,,,,,,,,,,,,Solomon Islands,Oceania,Melanesia,Lower middle income,East Asia & Pacific
SOM,,,,,,,,,,,,Somalia,Africa,Eastern Africa,Low income,Sub-Saharan Africa 
ZAF,72.77388269600743,72.77388269600743,72.77388269600743,72.77403590139654,72.77403590139654,72.77403590139654,72.77403590139654,72.77403590139654,72.0395819306471,72.0395819306471,72.0395819306471,South Africa,Africa,Southern Africa,Upper middle income,Sub-Saharan Africa 
SGS,,,,,,,,,,,,South Georgia and South Sandwich Is.,Antarctica,South America,,
KOR,99.51234798998051,99.51234798998051,99.51234798998051,99.51255827012754,99.51255827012754,99.51255827012754,99.44669000357925,99.42921691036307,99.39587485702053,99.39587485702053,99.39587485702053,South Korea,Asia,Eastern Asia,High income,East Asia & Pacific
SSD,1.0,1.0,1.0,1.0,1.0,1.0,1.0,1.0,1.0,1.0,1.0,South Sudan,Africa,Eastern Africa,Low income,Sub-Saharan Africa 
ESP,98.29850765424872,98.29850765424872,98.29850765424872,98.2987153433853,98.2987153433853,98.2987153433853,97.9670291366624,97.83500516740034,97.25896257531828,97.25896257531828,97.25896257531828,Spain,Europe,Southern Europe,High income,Europe & Central Asia
LKA,,,,,,,,,,,,Sri Lanka,Asia,Southern Asia,Lower middle income,South Asia
BLM,,,,,,,,,,,,St. Barths,America,Caribbean,,
SHN,,,,,,,,,,,,St. Helena,Africa,Western Africa,,
KNA,,,,,,,,,,,,St. Kitts and Nevis,America,Caribbean,High income,Latin America & Caribbean 
LCA,93.17604304265895,93.17604304265895,93.17604304265895,93.17623979760671,93.17623979760671,93.17623979760671,93.17623979760671,93.17623979760671,92.9921604292766,92.9921604292766,92.9921604292766,St. Lucia,America,Caribbean,Upper middle income,Latin America & Caribbean 
SPM,,,,,,,,,,,,St. Pierre and Miquelon,America,Northern America,,
VCT,,,,,,,,,,,,St. Vincent and the Grenadines,America,Caribbean,Upper middle income,Latin America & Caribbean 
SDN,79.66617876985185,79.66617876985185,79.66617876985185,79.66634668723457,79.66634668723457,79.66634668723457,78.15278348101255,76.67508928259622,74.56418758153278,74.56418758153278,74.56418758153278,Sudan,Africa,Northern Africa,Low income,Sub-Saharan Africa 
SUR,,,,,,,,,,,,Suriname,America,South America,Upper middle income,Latin America & Caribbean 
SJM,,,,,,,,,,,,Svalbard and Jan Mayen Islands,Europe,Northern Europe,,
SWE,98.8061188389284,98.8061188389284,98.8061188389284,98.8063276115896,98.8063276115896,98.8063276115896,98.46964909251923,98.4333716227942,98.2092572222476,98.2092572222476,98.2092572222476,Sweden,Europe,Northern Europe,High income,Europe & Central Asia
CHE,97.69967350230375,97.69967350230375,97.69967350230375,97.69987991319515,97.69987991319515,97.69987991319515,98.07174667020566,98.77218322077665,98.91570930167936,98.91570930167936,98.91570930167936,Switzerland,Europe,Western Europe,High income,Europe & Central Asia
SYR,,,,,,,,,,,,Syria,Asia,Western Asia,Low income,Middle East & North Africa
TWN,,,,,,,,,,,,Taiwan,Asia,Eastern Asia,High income,East Asia & Pacific
TJK,,,,,,,,,,,,Tajikistan,Asia,Central Asia,Low income,Europe & Central Asia
TZA,,,64.00889861688404,64.00903311292171,64.00903311292171,64.00903311292171,64.00903311292171,64.00903311292171,63.03813238625061,63.03813238625061,63.03813238625061,Tanzania,Africa,Eastern Africa,Lower middle income,Sub-Saharan Africa 
THA,,,,,,,,,,,,Thailand,Asia,South-Eastern Asia,Upper middle income,East Asia & Pacific
TLS,,,,,,,,,,,,Timor-Leste,Asia,South-Eastern Asia,Lower middle income,East Asia & Pacific
TGO,,,,,,,,,,,,Togo,Africa,Western Africa,Low income,Sub-Saharan Africa 
TKL,,,,,,,,,,,,Tokelau,Oceania,Polynesia,,
TON,,,,,,,,,,,,Tonga,Oceania,Polynesia,Upper middle income,East Asia & Pacific
TTO,,,,,,,,,,,,Trinidad and Tobago,America,Caribbean,High income,Latin America & Caribbean 
TUN,86.21642653691892,86.21642653691892,86.21642653691892,86.21660843617386,86.21660843617386,86.21660843617386,86.19376482512932,86.16739633900306,85.79786474064187,85.79786474064187,85.79786474064187,Tunisia,Africa,Northern Africa,Lower middle income,Middle East & North Africa
TUR,,,,,,,,,,,,Turkey,Asia,Western Asia,Upper middle income,Europe & Central Asia
TKM,,,,,,,,,,,,Turkmenistan,Asia,Central Asia,Upper middle income,Europe & Central Asia
TCA,,,,,,,,,,,,Turks and Caicos Islands,America,Caribbean,High income,Latin America & Caribbean 
TUV,,,,,,,,,,,,Tuvalu,Oceania,Polynesia,Upper middle income,East Asia & Pacific
UGA,73.51732718693889,73.51732718693889,73.51732718693889,73.51748197925207,73.51748197925207,73.51748197925207,72.04319163016359,70.48782915419584,68.0394607448536,68.0394607448536,68.0394607448536,Uganda,Africa,Eastern Africa,Low income,Sub-Saharan Africa 
UKR,96.95678875428918,96.95678875428918,96.95678875428918,96.95699357945131,96.95699357945131,96.95699357945131,96.95699357945131,96.99021514889091,97.46520724454608,97.46520724454608,97.46520724454608,Ukraine,Europe,Eastern Europe,Lower middle income,Europe & Central Asia
ARE,,,,,,,,,,,,United Arab Emirates,Asia,Western Asia,High income,Middle East & North Africa
GBR,97.18410489129214,97.18410489129214,97.18410489129214,97.18431020167334,97.18431020167334,97.18431020167334,97.18431020167334,97.41043169457582,97.96025659597916,97.96025659597916,97.96025659597916,United Kingdom,Europe,Northern Europe,High income,Europe & Central Asia
USA,98.38519216543112,98.38519216543112,98.38519216543112,98.38540003960065,98.38540003960065,98.38540003960065,98.53731761715648,98.63848001917954,98.75613574253522,98.75613574253522,98.75613574253522,United States,America,Northern America,High income,North America
UMI,,,,,,,,,,,,United States Minor Outlying Islands,Oceania,Micronesia,,
VIR,,,,,,,,,,,,United States Virgin Islands,America,Caribbean,High income,Latin America & Caribbean 
URY,89.70259619239839,89.70259619239839,89.70259619239839,89.70278553307851,89.70278553307851,89.70278553307851,89.70278553307851,88.74280925331536,90.09701350825286,90.09701350825286,90.09701350825286,Uruguay,America,South America,High income,Latin America & Caribbean 
UZB,97.16543670860469,97.16543670860469,97.16543670860469,97.1656419791376,97.1656419791376,97.1656419791376,96.78931239745285,96.63996661716693,95.69762439989717,95.69762439989717,95.69762439989717,Uzbekistan,Asia,Central Asia,Lower middle income,Europe & Central Asia
VUT,,,,,,,,,,,,Vanuatu,Oceania,Melanesia,Lower middle income,East Asia & Pacific
VAT,,,,,,,,,,,,Vatican,Europe,Southern Europe,,
VEN,,,,,,,,,,,,Venezuela,America,South America,Upper middle income,Latin America & Caribbean 
VNM,,,99.36347150227611,99.36368146463792,99.36368146463792,99.36368146463792,99.36368146463792,99.36368146463792,99.34651596330025,99.34651596330025,99.34651596330025,Vietnam,Asia,South-Eastern Asia,Lower middle income,East Asia & Pacific
WLF,,,,,,,,,,,,Wallis and Futuna Islands,Oceania,Polynesia,,
ESH,,,,,,,,,,,,Western Sahara,Africa,Northern Africa,,
YEM,,,,,,,,,,,,Yemen,Asia,Western Asia,Low income,Middle East & North Africa
ZMB,,,,,,,,,,,,Zambia,Africa,Eastern Africa,Lower middle income,Sub-Saharan Africa 
ZWE,46.3338360176686,46.3338360176686,46.3338360176686,46.33393278529112,46.33393278529112,46.33393278529112,46.33393278529112,45.6801062781825,46.88539169140565,46.88539169140565,46.88539169140565,Zimbabwe,Africa,Eastern Africa,Lower middle income,Sub-Saharan Africa 
